Time_s,Target_M1,Actual_M1,Target_M2,Actual_M2,Target_M3,Actual_M3
0.012,63.15,63.77,10.7,10.79,49.75,49.76
0.066,61.05,63.77,10.66,10.79,49.85,49.65
0.119,57.24,63.74,10.73,10.79,50.15,50.0
0.161,49.33,63.41,11.54,10.89,51.38,50.65
0.216,43.32,62.66,12.87,11.88,52.91,51.42
0.268,34.48,61.67,16.33,12.3,56.37,52.13
0.311,29.36,60.2,19.51,13.09,59.3,52.89
0.363,25.21,58.31,23.1,14.24,62.46,53.6
0.416,20.96,56.14,28.35,15.97,66.92,54.55
0.468,19.34,53.82,31.08,18.01,69.19,56.26
0.511,18.46,51.51,32.85,20.21,70.65,58.21
0.564,18.46,49.25,32.85,22.2,70.65,60.15
0.617,18.46,47.06,32.85,24.08,70.65,61.22
0.669,18.46,44.92,32.85,26.07,70.65,61.87
0.712,18.46,42.85,32.85,27.8,70.65,62.63
0.764,18.46,41.0,32.85,28.17,70.65,63.28
0.816,18.46,39.38,32.85,28.95,70.65,64.05
0.868,18.46,37.82,32.85,29.58,70.65,64.7
0.910,18.46,36.36,32.85,30.16,70.65,65.58
0.963,18.46,35.03,32.85,30.89,70.65,66.23
1.016,18.46,33.74,32.85,31.41,70.65,67.12
1.068,18.05,32.49,33.19,32.15,69.72,67.71
1.110,16.33,31.3,34.99,32.83,65.41,68.42
1.165,14.91,30.16,37.18,33.51,61.16,67.83
1.217,13.18,28.94,42.1,34.14,53.76,67.12
1.270,12.68,27.61,46.38,35.39,48.76,65.94
1.312,12.85,26.34,51.23,37.12,44.16,64.29
1.365,14.24,25.23,58.78,39.16,38.6,62.28
1.417,15.62,24.28,63.39,41.41,35.98,60.04
1.470,17.59,23.4,68.63,43.93,33.61,57.85
1.512,18.35,22.72,70.41,46.65,32.93,55.67
1.564,18.46,22.06,70.65,49.53,32.85,53.42
1.616,18.46,21.56,70.65,52.3,32.85,51.3
1.668,18.46,21.12,70.65,54.76,32.85,49.29
1.711,18.46,20.67,70.65,57.02,32.85,47.4
1.763,18.46,20.34,70.65,59.16,32.85,45.69
1.816,18.46,20.04,70.65,61.15,32.85,44.04
1.868,18.46,19.63,70.65,63.04,32.85,42.62
1.910,18.46,19.3,70.65,64.82,32.85,42.09
1.963,18.46,19.14,70.65,66.44,32.85,41.32
2.015,18.46,19.07,70.65,67.23,32.85,40.55
2.068,18.85,19.07,69.98,67.75,32.03,39.85
2.110,20.04,19.07,68.16,68.48,29.83,39.08
2.163,22.12,19.07,65.53,69.06,26.69,38.13
2.215,27.15,19.07,60.87,68.64,21.28,36.84
2.267,31.81,19.11,57.79,67.8,17.85,35.18
2.319,40.29,19.42,53.92,66.6,13.83,33.23
2.363,46.36,20.26,52.07,65.18,12.11,31.23
2.416,54.84,21.51,50.44,63.61,10.88,29.1
2.468,59.33,23.21,49.96,61.94,10.67,27.15
2.510,62.34,25.25,49.78,60.37,10.68,25.27
2.563,63.43,27.47,49.74,58.95,10.71,23.49
2.615,63.43,29.73,49.74,57.7,10.71,21.9
2.668,63.43,32.01,49.74,56.96,10.71,20.43
2.710,63.43,34.3,49.74,56.34,10.71,19.19
2.763,63.43,36.53,49.74,55.71,10.71,18.6
2.815,63.43,38.63,49.74,55.08,10.71,17.83
2.867,63.43,40.54,49.74,54.4,10.71,17.06
2.920,63.43,42.3,49.74,53.77,10.71,16.41
2.962,63.43,43.94,49.74,53.09,10.71,15.58
3.015,63.43,45.52,49.74,52.46,10.71,14.94
3.068,63.34,47.0,49.46,51.78,10.77,14.11
3.111,62.7,48.36,47.39,51.15,11.26,13.4
3.163,61.03,49.54,41.34,50.47,13.13,12.63
3.215,59.88,50.49,36.13,49.37,15.4,11.98
3.267,58.73,51.28,27.89,47.85,20.63,12.51
3.320,58.59,51.93,22.86,45.97,25.29,13.34
3.363,59.4,52.45,16.89,43.93,33.37,14.4
3.417,60.44,52.83,14.15,41.73,38.81,16.47
3.469,61.63,53.34,12.33,39.37,43.66,18.83
3.511,63.09,53.8,10.95,37.07,48.66,21.25
3.564,63.43,54.21,10.71,34.87,49.74,23.85
3.616,63.43,54.78,10.71,32.72,49.74,26.45
3.669,63.43,55.28,10.71,30.79,49.74,28.63
3.711,63.43,55.76,10.71,28.8,49.74,30.81
3.764,63.43,56.33,10.71,26.86,49.74,33.06
3.816,63.43,56.7,10.71,25.08,49.74,35.24
3.868,63.43,57.08,10.71,23.46,49.74,37.49
3.910,63.43,57.58,10.71,21.99,49.74,39.02
3.963,63.43,57.88,10.71,20.52,49.74,39.49
4.015,63.43,57.98,10.71,19.21,49.74,40.38
4.067,63.43,57.98,10.71,17.96,49.74,41.03
4.111,61.05,57.98,10.66,16.81,49.85,41.68
4.164,57.24,57.98,10.73,15.97,50.15,42.5
4.216,49.33,57.9,11.54,15.34,51.38,43.15
4.268,43.32,57.56,12.87,14.71,52.91,44.04
4.310,34.48,56.8,16.33,14.03,56.37,44.63
4.363,29.36,55.74,19.51,13.93,59.3,45.93
4.415,25.21,54.27,23.1,14.87,62.46,47.7
4.467,20.96,52.57,28.35,16.34,66.92,49.76
4.512,19.34,50.7,31.08,18.27,69.19,52.01
4.565,18.46,48.62,32.85,20.31,70.65,54.25
4.617,18.46,46.49,32.85,22.25,70.65,56.43
4.669,18.46,44.47,32.85,24.24,70.65,58.68
4.711,18.46,42.61,32.85,26.18,70.65,60.68
4.764,18.46,40.94,32.85,27.02,70.65,61.22
4.816,18.46,39.37,32.85,27.54,70.65,62.16
4.868,18.46,37.8,32.85,28.27,70.65,62.69
4.910,18.46,36.37,32.85,28.9,70.65,63.58
4.963,18.46,35.18,32.85,29.63,70.65,64.23
5.015,18.46,34.05,32.85,30.16,70.65,64.99
5.067,18.46,32.93,32.85,30.89,70.65,65.76
5.119,18.05,31.85,33.19,31.52,69.72,66.41
5.161,16.33,30.85,34.99,32.2,65.41,67.24
5.215,14.91,29.75,37.18,32.83,61.16,66.88
5.268,13.65,28.61,40.24,33.51,56.29,66.17
5.320,12.68,27.42,46.38,34.76,48.76,65.05
5.362,12.85,26.3,51.23,36.54,44.16,63.28
5.414,14.24,25.3,58.78,38.53,38.6,61.22
5.466,15.62,24.41,63.39,40.79,35.98,58.97
5.518,17.59,23.6,68.63,43.3,33.61,56.73
5.561,18.35,22.96,70.41,46.13,32.93,54.49
5.612,18.46,22.45,70.65,49.01,32.85,52.3
5.665,18.46,21.95,70.65,51.78,32.85,50.12
5.717,18.46,21.63,70.65,54.29,32.85,48.11
5.769,18.46,21.34,70.65,56.65,32.85,46.22
5.811,18.46,20.97,70.65,58.85,32.85,44.45
5.863,18.46,20.62,70.65,60.79,32.85,42.86
5.916,18.46,20.37,70.65,62.62,32.85,41.68
5.968,18.46,20.15,70.65,64.45,32.85,41.2
6.010,18.46,19.95,70.65,66.07,32.85,40.38
6.063,18.46,19.7,70.65,66.44,32.85,39.67
6.116,18.85,19.41,69.98,67.28,32.03,38.84
6.168,20.04,19.25,68.16,67.85,29.83,38.19
6.211,22.12,19.53,65.53,68.48,26.69,37.31
6.263,27.15,20.09,60.87,68.12,21.28,35.95
6.315,31.81,20.68,57.79,67.23,17.85,34.3
6.368,40.29,21.6,53.92,66.02,13.83,32.35
6.410,46.36,22.89,52.07,64.55,12.11,30.28
6.464,54.84,24.67,50.44,62.93,10.88,28.16
6.517,59.33,26.86,49.96,61.26,10.67,26.21
6.569,63.15,29.33,49.75,59.69,10.7,24.32
6.611,63.43,31.93,49.74,58.22,10.71,22.55
6.664,63.43,34.56,49.74,56.91,10.71,20.96
6.716,63.43,37.16,49.74,56.23,10.71,19.54
6.769,63.43,39.71,49.74,55.55,10.71,18.42
6.811,63.43,42.2,49.74,54.97,10.71,17.89
6.863,63.43,44.56,49.74,54.29,10.71,17.06
6.916,63.43,46.71,49.74,53.66,10.71,16.41
6.969,63.43,48.63,49.74,52.98,10.71,15.58
7.011,63.43,50.42,49.74,52.36,10.71,14.94
7.063,63.43,52.09,49.74,51.62,10.71,14.11
7.118,63.34,53.68,49.46,51.05,10.77,13.46
7.160,62.7,55.14,47.39,50.37,11.26,12.63
7.214,61.03,56.39,41.34,49.74,13.13,12.04
7.266,59.88,57.41,36.13,48.74,15.4,12.93
7.318,58.73,58.27,27.89,47.23,20.63,13.58
7.361,58.59,58.95,22.86,45.39,25.29,14.4
7.413,59.4,59.04,16.89,43.3,33.37,15.76
7.467,60.44,59.05,14.15,40.99,38.81,18.0
7.520,61.63,59.05,12.33,38.64,43.66,20.31
7.562,63.09,59.06,10.95,36.34,48.66,22.85
7.615,63.43,59.06,10.71,34.14,49.74,25.5
7.667,63.43,59.06,10.71,32.04,49.74,28.16
7.720,63.43,59.06,10.71,30.05,49.74,30.46
7.762,63.43,59.06,10.71,28.12,49.74,32.59
7.814,63.43,59.06,10.71,26.13,49.74,34.83
7.866,63.43,59.06,10.71,24.4,49.74,37.01
7.919,63.43,59.06,10.71,22.77,49.74,39.26
7.961,63.43,59.06,10.71,21.26,49.74,41.2
8.014,63.43,59.06,10.71,19.84,49.74,41.62
8.066,63.43,59.06,10.71,18.53,49.74,42.56
8.110,63.43,59.06,10.71,17.23,49.74,43.09
8.163,61.05,59.06,10.66,16.13,49.85,43.92
8.215,57.24,59.06,10.73,15.24,50.15,44.57
8.268,49.33,58.99,11.54,14.61,51.38,45.4
8.320,43.32,58.59,12.87,13.98,52.91,46.1
8.362,37.32,57.88,14.99,13.66,55.08,46.81
8.414,29.36,56.74,19.51,14.5,59.3,48.11
8.467,25.21,55.27,23.1,15.18,62.46,49.94
8.522,20.96,53.57,28.35,16.7,66.92,52.01
8.565,19.34,51.64,31.08,18.74,69.19,54.25
8.617,18.46,49.51,32.85,20.68,70.65,56.49
8.669,18.46,47.4,32.85,22.67,70.65,58.74
8.712,18.46,45.36,32.85,24.61,70.65,60.92
8.764,18.46,43.44,32.85,26.6,70.65,62.81
8.817,18.46,41.71,32.85,27.96,70.65,63.22
8.870,18.46,40.13,32.85,28.27,70.65,64.17
8.912,18.46,38.56,32.85,29.11,70.65,64.7
8.965,18.46,37.08,32.85,29.69,70.65,65.58
9.018,18.46,35.82,32.85,30.37,70.65,66.17
9.061,18.46,34.69,32.85,30.99,70.65,67.06
9.114,18.46,33.55,32.85,31.62,70.65,67.71
9.166,18.05,32.48,33.19,32.3,69.72,68.48
9.219,17.0,31.43,34.2,32.93,67.18,68.83
9.261,14.91,30.36,37.18,33.61,61.16,67.95
9.313,13.65,29.19,40.24,34.24,56.29,67.3
9.366,12.68,27.99,46.38,35.55,48.76,65.94
9.418,12.85,26.88,51.23,37.33,44.16,64.05
9.461,14.24,25.83,58.78,39.37,38.6,61.87
9.515,15.62,24.93,63.39,41.62,35.98,59.62
9.567,17.59,24.15,68.63,44.14,33.61,57.44
9.620,18.35,23.43,70.41,46.91,32.93,55.19
9.662,18.46,22.98,70.65,49.79,32.85,53.01
9.714,18.46,22.54,70.65,52.57,32.85,50.83
9.766,18.46,22.06,70.65,55.08,32.85,48.76
9.819,18.46,21.75,70.65,57.38,32.85,46.81
9.861,18.46,21.49,70.65,59.58,32.85,44.98
9.913,18.46,21.13,70.65,61.52,32.85,43.27
9.966,18.46,20.78,70.65,63.4,32.85,41.85
10.019,18.46,20.52,70.65,65.18,32.85,41.38
10.061,18.46,20.34,70.65,66.81,32.85,40.5
10.113,18.46,20.23,70.65,67.28,32.85,39.91
10.166,18.56,20.0,70.47,67.91,32.64,39.08
10.220,20.04,19.66,68.16,68.64,29.83,38.37
10.262,22.12,19.55,65.53,69.16,26.69,37.54
10.314,27.15,19.55,60.87,68.74,21.28,36.19
10.367,31.81,19.63,57.79,68.01,17.85,34.53
10.419,40.29,20.1,53.92,66.81,13.83,32.53
10.462,46.36,20.88,52.07,65.34,12.11,30.46
10.514,52.18,22.21,50.84,63.72,11.14,28.34
10.566,59.33,23.95,49.96,61.99,10.67,26.33
10.619,62.34,26.02,49.78,60.42,10.68,24.44
10.661,63.43,28.25,49.74,58.95,10.71,22.67
10.713,63.43,30.52,49.74,57.59,10.71,21.02
10.765,63.43,32.83,49.74,56.91,10.71,19.54
10.819,63.43,35.13,49.74,56.28,10.71,18.42
10.863,63.43,37.37,49.74,55.65,10.71,17.83
10.922,63.43,39.49,49.74,55.03,10.71,17.0
10.977,63.43,41.43,49.74,54.4,10.71,16.35
11.013,63.43,43.19,49.74,53.72,10.71,15.58
11.066,63.43,44.83,49.74,53.04,10.71,14.88
11.118,63.43,46.41,49.74,52.41,10.71,14.11
11.160,63.34,47.91,49.46,51.73,10.77,13.4
11.214,62.7,49.28,47.39,51.1,11.26,12.57
11.268,61.03,50.43,41.34,50.42,13.13,11.98
11.321,59.88,51.4,36.13,49.42,15.4,12.75
11.363,59.01,52.26,30.6,47.91,18.64,13.46
11.419,58.59,52.93,22.86,46.07,25.29,14.23
11.462,59.01,53.52,18.64,43.98,30.6,15.7
11.515,60.44,53.83,14.15,41.73,38.81,17.89
11.568,61.63,54.13,12.33,39.37,43.66,20.25
11.611,63.09,54.68,10.95,37.02,48.66,22.79
11.665,63.43,55.18,10.71,34.76,49.74,25.38
11.719,63.43,55.6,10.71,32.67,49.74,27.98
11.761,63.43,56.19,10.71,30.68,49.74,30.28
11.814,63.43,56.69,10.71,28.69,49.74,32.41
11.867,63.43,57.13,10.71,26.81,49.74,34.71
11.920,63.43,57.68,10.71,24.97,49.74,36.89
11.962,63.43,58.04,10.71,23.35,49.74,39.08
12.015,63.43,58.34,10.71,21.83,49.74,41.09
12.068,63.43,58.77,10.71,20.42,49.74,41.56
12.111,63.43,59.12,10.71,19.06,49.74,42.44
12.163,63.43,59.2,10.71,17.75,49.74,43.03
12.216,63.43,59.2,10.71,16.65,49.74,43.86
12.268,63.43,59.2,10.71,15.81,49.74,44.51
12.320,63.43,59.2,10.71,15.18,49.74,45.34
12.362,63.43,59.2,10.71,14.55,49.74,46.1
12.415,63.43,59.2,10.71,13.82,49.74,46.75
12.467,63.43,59.2,10.71,13.19,49.74,47.58
12.520,63.43,59.2,10.71,12.57,49.74,48.17
12.562,63.43,59.2,10.71,11.88,49.74,49.06
12.615,63.43,59.2,10.71,11.31,49.74,49.65
12.667,63.43,59.2,10.71,10.73,49.74,49.94
12.720,63.43,59.2,10.71,10.89,49.74,49.76
12.763,63.43,59.2,10.71,10.79,49.74,49.88
12.816,63.43,59.2,10.71,10.79,49.74,49.82
12.869,63.43,59.2,10.71,10.79,49.74,49.82
12.911,63.43,59.2,10.71,10.79,49.74,49.88
12.963,63.43,59.2,10.71,10.79,49.74,49.88
13.015,63.43,59.2,10.71,10.79,49.74,49.94
13.067,63.43,59.2,10.71,10.79,49.74,49.94
13.120,63.43,59.2,10.71,10.79,49.74,49.88
